{"accuracy": [0.6077245473861694, 0.7841935157775879, 0.8336163759231567, 0.863450825214386, 0.8831562995910645, 0.8956109285354614, 0.903846263885498, 0.9100378155708313, 0.9145328998565674, 0.9179098606109619, 0.920626163482666, 0.9228682518005371, 0.9247967600822449, 0.9268494844436646, 0.9278399348258972], "loss": [1.2430185079574585, 0.6827117800712585, 0.5137196779251099, 0.4162350594997406, 0.3540807366371155, 0.3147350549697876, 0.2898164689540863, 0.271158367395401, 0.25759604573249817, 0.24697259068489075, 0.23877638578414917, 0.2321719527244568, 0.22607561945915222, 0.22019708156585693, 0.21672166883945465], "learning_rate": [0.0010000000474974513, 0.0010000000474974513, 0.0010000000474974513, 0.0010000000474974513, 0.0010000000474974513, 0.0010000000474974513, 0.0010000000474974513, 0.0010000000474974513, 0.0010000000474974513, 0.0010000000474974513, 0.0010000000474974513, 0.0010000000474974513, 0.0010000000474974513, 0.0010000000474974513, 0.0010000000474974513]}